run_id,model_label,model_family,feature_set_name,n_features,uses_current_city_crime_like_signal,cv_mae_mean,cv_rmse_mean,cv_r2_mean,cv_rmse_std,train_mae,train_rmse,train_r2,test_mae,test_rmse,test_r2,rmse_overfit_gap,params_json,feature_list,n_estimators,max_depth,max_features,min_samples_leaf,min_samples_split,learning_rate,max_iter,n_neighbors,weights,p_metric,batch_size,alpha,learning_rate_init,hidden_layer_sizes,leakage_label,cv_test_gap,train_test_gap
3782,extra_trees__all_features__3782,extra_trees,all_features,45,1,5.761750499849458,8.200348456888731,0.7054769898344191,1.0518937818558511,5.280886293367879e-13,6.42709990413948e-13,1.0,5.848737377450938,8.169564496387302,0.7258608145844189,8.16956449638666,"{""max_depth"": null, ""max_features"": 0.7, ""min_samples_leaf"": 1, ""min_samples_split"": 2, ""n_estimators"": 800}",dist_nearest_labeled_city | log1p_dist_nearest_labeled_city | crime_nearest_labeled_city | safety_nearest_labeled_city | same_country_as_nearest_labeled | avg_crime_k5 | avg_safety_k5 | avg_crime_k10 | avg_safety_k10 | wavg_crime_k5 | wavg_safety_k5 | log1p_num_labeled_within_50km | log1p_num_labeled_within_100km | log1p_num_labeled_within_250km | avg_crime_same_country_k5 | avg_safety_same_country_k5 | log1p_num_same_country_within_250km | log1p_num_cities_50km | log1p_sum_pop_50km | log1p_pop_gravity_50km | log1p_num_cities_100km | log1p_sum_pop_100km | log1p_pop_gravity_100km | dist_to_nearest_large_city | log1p_dist_to_nearest_large_city | log1p_pop_of_nearest_large_city | lat | lon | crimeindex_2020 | crimeindex_2023 | safetyindex_2020 | age_0_14 | age_15_64 | age_65_plus | population | density_per_km2 | gdp | gdp_per_capita | unemployment | homicide_rate | life_expectancy_male | life_expectancy_female | infant_mortality | urban_population_growth | tourists,800.0,,0.7,1.0,2.0,,,,,,,,,,Includes current crime,-0.030783960501429064,8.16956449638666
3781,extra_trees__all_features__3781,extra_trees,all_features,45,1,5.775738755645885,8.219064561873747,0.7040942902603128,1.0515727488635116,2.554898689553117e-13,3.127349570271188e-13,1.0,5.833173039215704,8.170401921646828,0.725804610157673,8.170401921646516,"{""max_depth"": null, ""max_features"": 0.7, ""min_samples_leaf"": 1, ""min_samples_split"": 2, ""n_estimators"": 400}",dist_nearest_labeled_city | log1p_dist_nearest_labeled_city | crime_nearest_labeled_city | safety_nearest_labeled_city | same_country_as_nearest_labeled | avg_crime_k5 | avg_safety_k5 | avg_crime_k10 | avg_safety_k10 | wavg_crime_k5 | wavg_safety_k5 | log1p_num_labeled_within_50km | log1p_num_labeled_within_100km | log1p_num_labeled_within_250km | avg_crime_same_country_k5 | avg_safety_same_country_k5 | log1p_num_same_country_within_250km | log1p_num_cities_50km | log1p_sum_pop_50km | log1p_pop_gravity_50km | log1p_num_cities_100km | log1p_sum_pop_100km | log1p_pop_gravity_100km | dist_to_nearest_large_city | log1p_dist_to_nearest_large_city | log1p_pop_of_nearest_large_city | lat | lon | crimeindex_2020 | crimeindex_2023 | safetyindex_2020 | age_0_14 | age_15_64 | age_65_plus | population | density_per_km2 | gdp | gdp_per_capita | unemployment | homicide_rate | life_expectancy_male | life_expectancy_female | infant_mortality | urban_population_growth | tourists,400.0,,0.7,1.0,2.0,,,,,,,,,,Includes current crime,-0.048662640226918796,8.170401921646516
3797,extra_trees__all_features__3797,extra_trees,all_features,45,1,5.771796984729996,8.191976732209778,0.7062463240967853,1.0265169735645223,0.1647223292751028,0.3060323339736133,0.9995951138532034,5.885931592767276,8.176577140151325,0.7253899778468227,7.870544806177712,"{""max_depth"": 16, ""max_features"": 0.7, ""min_samples_leaf"": 1, ""min_samples_split"": 2, ""n_estimators"": 400}",dist_nearest_labeled_city | log1p_dist_nearest_labeled_city | crime_nearest_labeled_city | safety_nearest_labeled_city | same_country_as_nearest_labeled | avg_crime_k5 | avg_safety_k5 | avg_crime_k10 | avg_safety_k10 | wavg_crime_k5 | wavg_safety_k5 | log1p_num_labeled_within_50km | log1p_num_labeled_within_100km | log1p_num_labeled_within_250km | avg_crime_same_country_k5 | avg_safety_same_country_k5 | log1p_num_same_country_within_250km | log1p_num_cities_50km | log1p_sum_pop_50km | log1p_pop_gravity_50km | log1p_num_cities_100km | log1p_sum_pop_100km | log1p_pop_gravity_100km | dist_to_nearest_large_city | log1p_dist_to_nearest_large_city | log1p_pop_of_nearest_large_city | lat | lon | crimeindex_2020 | crimeindex_2023 | safetyindex_2020 | age_0_14 | age_15_64 | age_65_plus | population | density_per_km2 | gdp | gdp_per_capita | unemployment | homicide_rate | life_expectancy_male | life_expectancy_female | infant_mortality | urban_population_growth | tourists,400.0,16.0,0.7,1.0,2.0,,,,,,,,,,Includes current crime,-0.015399592058452427,7.870544806177712
3798,extra_trees__all_features__3798,extra_trees,all_features,45,1,5.775949043942956,8.190421074473136,0.7062924430915267,1.04454886102737,0.1636439574348821,0.3106755612441823,0.9995827345061494,5.874086938503114,8.190016160637914,0.7244865380591725,7.879340599393731,"{""max_depth"": 16, ""max_features"": 0.7, ""min_samples_leaf"": 1, ""min_samples_split"": 2, ""n_estimators"": 800}",dist_nearest_labeled_city | log1p_dist_nearest_labeled_city | crime_nearest_labeled_city | safety_nearest_labeled_city | same_country_as_nearest_labeled | avg_crime_k5 | avg_safety_k5 | avg_crime_k10 | avg_safety_k10 | wavg_crime_k5 | wavg_safety_k5 | log1p_num_labeled_within_50km | log1p_num_labeled_within_100km | log1p_num_labeled_within_250km | avg_crime_same_country_k5 | avg_safety_same_country_k5 | log1p_num_same_country_within_250km | log1p_num_cities_50km | log1p_sum_pop_50km | log1p_pop_gravity_50km | log1p_num_cities_100km | log1p_sum_pop_100km | log1p_pop_gravity_100km | dist_to_nearest_large_city | log1p_dist_to_nearest_large_city | log1p_pop_of_nearest_large_city | lat | lon | crimeindex_2020 | crimeindex_2023 | safetyindex_2020 | age_0_14 | age_15_64 | age_65_plus | population | density_per_km2 | gdp | gdp_per_capita | unemployment | homicide_rate | life_expectancy_male | life_expectancy_female | infant_mortality | urban_population_growth | tourists,800.0,16.0,0.7,1.0,2.0,,,,,,,,,,Includes current crime,-0.00040491383522223146,7.879340599393731
3249,extra_trees__all_without_current_crime__3249,extra_trees,all_without_current_crime,44,0,5.982047424721463,8.448629558815934,0.6882990765345124,1.0965313454952816,2.4570027124866e-06,3.5049981876749146e-05,0.999999999994689,5.880492647058829,8.236800414613171,0.7213298881207977,8.236765364631294,"{""max_depth"": null, ""max_features"": 0.7, ""min_samples_leaf"": 1, ""min_samples_split"": 2, ""n_estimators"": 400}",dist_nearest_labeled_city | log1p_dist_nearest_labeled_city | crime_nearest_labeled_city | safety_nearest_labeled_city | same_country_as_nearest_labeled | avg_crime_k5 | avg_safety_k5 | avg_crime_k10 | avg_safety_k10 | wavg_crime_k5 | wavg_safety_k5 | log1p_num_labeled_within_50km | log1p_num_labeled_within_100km | log1p_num_labeled_within_250km | avg_crime_same_country_k5 | avg_safety_same_country_k5 | log1p_num_same_country_within_250km | log1p_num_cities_50km | log1p_sum_pop_50km | log1p_pop_gravity_50km | log1p_num_cities_100km | log1p_sum_pop_100km | log1p_pop_gravity_100km | dist_to_nearest_large_city | log1p_dist_to_nearest_large_city | log1p_pop_of_nearest_large_city | lat | lon | crimeindex_2020 | safetyindex_2020 | age_0_14 | age_15_64 | age_65_plus | population | density_per_km2 | gdp | gdp_per_capita | unemployment | homicide_rate | life_expectancy_male | life_expectancy_female | infant_mortality | urban_population_growth | tourists,400.0,,0.7,1.0,2.0,,,,,,,,,,No current crime,-0.21182914420276333,8.236765364631294
6990,extra_trees__rf_top_35__6990,extra_trees,rf_top_35,35,1,5.7425359684683785,8.155373130939466,0.7089816343324433,0.9819367624462249,0.1669172669878124,0.3090759421893622,0.9995870203115376,5.860100258497354,8.246914408258581,0.7206451081087684,7.937838466069219,"{""max_depth"": 16, ""max_features"": 0.7, ""min_samples_leaf"": 1, ""min_samples_split"": 2, ""n_estimators"": 800}",crimeindex_2023 | wavg_crime_k5 | wavg_safety_k5 | safetyindex_2020 | crimeindex_2020 | log1p_sum_pop_50km | log1p_sum_pop_100km | log1p_pop_of_nearest_large_city | crime_nearest_labeled_city | safety_nearest_labeled_city | lon | avg_safety_same_country_k5 | log1p_dist_nearest_labeled_city | dist_nearest_labeled_city | avg_crime_same_country_k5 | avg_crime_k10 | lat | log1p_num_cities_50km | avg_safety_k10 | log1p_dist_to_nearest_large_city | log1p_num_cities_100km | dist_to_nearest_large_city | log1p_pop_gravity_100km | log1p_pop_gravity_50km | avg_crime_k5 | avg_safety_k5 | unemployment | density_per_km2 | age_15_64 | log1p_num_labeled_within_250km | tourists | homicide_rate | gdp | urban_population_growth | log1p_num_labeled_within_50km,800.0,16.0,0.7,1.0,2.0,,,,,,,,,,Includes current crime,0.09154127731911466,7.937838466069219
6973,extra_trees__rf_top_35__6973,extra_trees,rf_top_35,35,1,5.721547307286953,8.171771376092579,0.7078807095424361,0.9919098368345944,2.554898689553117e-13,3.127349570271188e-13,1.0,5.819857598039225,8.251474617394981,0.7203360788453721,8.251474617394669,"{""max_depth"": null, ""max_features"": 0.7, ""min_samples_leaf"": 1, ""min_samples_split"": 2, ""n_estimators"": 400}",crimeindex_2023 | wavg_crime_k5 | wavg_safety_k5 | safetyindex_2020 | crimeindex_2020 | log1p_sum_pop_50km | log1p_sum_pop_100km | log1p_pop_of_nearest_large_city | crime_nearest_labeled_city | safety_nearest_labeled_city | lon | avg_safety_same_country_k5 | log1p_dist_nearest_labeled_city | dist_nearest_labeled_city | avg_crime_same_country_k5 | avg_crime_k10 | lat | log1p_num_cities_50km | avg_safety_k10 | log1p_dist_to_nearest_large_city | log1p_num_cities_100km | dist_to_nearest_large_city | log1p_pop_gravity_100km | log1p_pop_gravity_50km | avg_crime_k5 | avg_safety_k5 | unemployment | density_per_km2 | age_15_64 | log1p_num_labeled_within_250km | tourists | homicide_rate | gdp | urban_population_growth | log1p_num_labeled_within_50km,400.0,,0.7,1.0,2.0,,,,,,,,,,Includes current crime,0.07970324130240236,8.251474617394669
6989,extra_trees__rf_top_35__6989,extra_trees,rf_top_35,35,1,5.731319608790035,8.15618225864404,0.7089016017857392,0.98784147715727,0.1602805565614156,0.3051965712851893,0.9995973222908986,5.86527703525142,8.254631637644078,0.7201220386639599,7.949435066358888,"{""max_depth"": 16, ""max_features"": 0.7, ""min_samples_leaf"": 1, ""min_samples_split"": 2, ""n_estimators"": 400}",crimeindex_2023 | wavg_crime_k5 | wavg_safety_k5 | safetyindex_2020 | crimeindex_2020 | log1p_sum_pop_50km | log1p_sum_pop_100km | log1p_pop_of_nearest_large_city | crime_nearest_labeled_city | safety_nearest_labeled_city | lon | avg_safety_same_country_k5 | log1p_dist_nearest_labeled_city | dist_nearest_labeled_city | avg_crime_same_country_k5 | avg_crime_k10 | lat | log1p_num_cities_50km | avg_safety_k10 | log1p_dist_to_nearest_large_city | log1p_num_cities_100km | dist_to_nearest_large_city | log1p_pop_gravity_100km | log1p_pop_gravity_50km | avg_crime_k5 | avg_safety_k5 | unemployment | density_per_km2 | age_15_64 | log1p_num_labeled_within_250km | tourists | homicide_rate | gdp | urban_population_growth | log1p_num_labeled_within_50km,400.0,16.0,0.7,1.0,2.0,,,,,,,,,,Includes current crime,0.09844937900003714,7.949435066358888
3265,extra_trees__all_without_current_crime__3265,extra_trees,all_without_current_crime,44,0,5.9617826437414765,8.434352013025427,0.6892865652652171,1.1040641740135808,0.1881878948836948,0.329787376895619,0.999529817624982,5.89829035227714,8.258019655451127,0.7198922461901696,7.928232278555508,"{""max_depth"": 16, ""max_features"": 0.7, ""min_samples_leaf"": 1, ""min_samples_split"": 2, ""n_estimators"": 400}",dist_nearest_labeled_city | log1p_dist_nearest_labeled_city | crime_nearest_labeled_city | safety_nearest_labeled_city | same_country_as_nearest_labeled | avg_crime_k5 | avg_safety_k5 | avg_crime_k10 | avg_safety_k10 | wavg_crime_k5 | wavg_safety_k5 | log1p_num_labeled_within_50km | log1p_num_labeled_within_100km | log1p_num_labeled_within_250km | avg_crime_same_country_k5 | avg_safety_same_country_k5 | log1p_num_same_country_within_250km | log1p_num_cities_50km | log1p_sum_pop_50km | log1p_pop_gravity_50km | log1p_num_cities_100km | log1p_sum_pop_100km | log1p_pop_gravity_100km | dist_to_nearest_large_city | log1p_dist_to_nearest_large_city | log1p_pop_of_nearest_large_city | lat | lon | crimeindex_2020 | safetyindex_2020 | age_0_14 | age_15_64 | age_65_plus | population | density_per_km2 | gdp | gdp_per_capita | unemployment | homicide_rate | life_expectancy_male | life_expectancy_female | infant_mortality | urban_population_growth | tourists,400.0,16.0,0.7,1.0,2.0,,,,,,,,,,No current crime,-0.17633235757429944,7.928232278555508
3250,extra_trees__all_without_current_crime__3250,extra_trees,all_without_current_crime,44,0,5.969364916064446,8.446812822402046,0.6883479413591674,1.132287859455756,1.2285017532437776e-06,1.75249909147153e-05,0.9999999999986724,5.887937867647016,8.280127367202725,0.7183904743784106,8.280109842211811,"{""max_depth"": null, ""max_features"": 0.7, ""min_samples_leaf"": 1, ""min_samples_split"": 2, ""n_estimators"": 800}",dist_nearest_labeled_city | log1p_dist_nearest_labeled_city | crime_nearest_labeled_city | safety_nearest_labeled_city | same_country_as_nearest_labeled | avg_crime_k5 | avg_safety_k5 | avg_crime_k10 | avg_safety_k10 | wavg_crime_k5 | wavg_safety_k5 | log1p_num_labeled_within_50km | log1p_num_labeled_within_100km | log1p_num_labeled_within_250km | avg_crime_same_country_k5 | avg_safety_same_country_k5 | log1p_num_same_country_within_250km | log1p_num_cities_50km | log1p_sum_pop_50km | log1p_pop_gravity_50km | log1p_num_cities_100km | log1p_sum_pop_100km | log1p_pop_gravity_100km | dist_to_nearest_large_city | log1p_dist_to_nearest_large_city | log1p_pop_of_nearest_large_city | lat | lon | crimeindex_2020 | safetyindex_2020 | age_0_14 | age_15_64 | age_65_plus | population | density_per_km2 | gdp | gdp_per_capita | unemployment | homicide_rate | life_expectancy_male | life_expectancy_female | infant_mortality | urban_population_growth | tourists,800.0,,0.7,1.0,2.0,,,,,,,,,,No current crime,-0.1666854551993211,8.280109842211811
3266,extra_trees__all_without_current_crime__3266,extra_trees,all_without_current_crime,44,0,5.961049335127227,8.44597633523484,0.6882192617774401,1.1386829898693434,0.1776289862978859,0.3171127672081242,0.9995652638614768,5.908469233972313,8.28915896178711,0.7177758050482872,7.972046194578986,"{""max_depth"": 16, ""max_features"": 0.7, ""min_samples_leaf"": 1, ""min_samples_split"": 2, ""n_estimators"": 800}",dist_nearest_labeled_city | log1p_dist_nearest_labeled_city | crime_nearest_labeled_city | safety_nearest_labeled_city | same_country_as_nearest_labeled | avg_crime_k5 | avg_safety_k5 | avg_crime_k10 | avg_safety_k10 | wavg_crime_k5 | wavg_safety_k5 | log1p_num_labeled_within_50km | log1p_num_labeled_within_100km | log1p_num_labeled_within_250km | avg_crime_same_country_k5 | avg_safety_same_country_k5 | log1p_num_same_country_within_250km | log1p_num_cities_50km | log1p_sum_pop_50km | log1p_pop_gravity_50km | log1p_num_cities_100km | log1p_sum_pop_100km | log1p_pop_gravity_100km | dist_to_nearest_large_city | log1p_dist_to_nearest_large_city | log1p_pop_of_nearest_large_city | lat | lon | crimeindex_2020 | safetyindex_2020 | age_0_14 | age_15_64 | age_65_plus | population | density_per_km2 | gdp | gdp_per_capita | unemployment | homicide_rate | life_expectancy_male | life_expectancy_female | infant_mortality | urban_population_growth | tourists,800.0,16.0,0.7,1.0,2.0,,,,,,,,,,No current crime,-0.15681737344772984,7.9720461945789864
6974,extra_trees__rf_top_35__6974,extra_trees,rf_top_35,35,1,5.725741138587784,8.149452390663374,0.7094925437018649,0.9902820763728452,5.280886293367879e-13,6.42709990413948e-13,1.0,5.825712254901919,8.292507325890297,0.7175477529070178,8.292507325889654,"{""max_depth"": null, ""max_features"": 0.7, ""min_samples_leaf"": 1, ""min_samples_split"": 2, ""n_estimators"": 800}",crimeindex_2023 | wavg_crime_k5 | wavg_safety_k5 | safetyindex_2020 | crimeindex_2020 | log1p_sum_pop_50km | log1p_sum_pop_100km | log1p_pop_of_nearest_large_city | crime_nearest_labeled_city | safety_nearest_labeled_city | lon | avg_safety_same_country_k5 | log1p_dist_nearest_labeled_city | dist_nearest_labeled_city | avg_crime_same_country_k5 | avg_crime_k10 | lat | log1p_num_cities_50km | avg_safety_k10 | log1p_dist_to_nearest_large_city | log1p_num_cities_100km | dist_to_nearest_large_city | log1p_pop_gravity_100km | log1p_pop_gravity_50km | avg_crime_k5 | avg_safety_k5 | unemployment | density_per_km2 | age_15_64 | log1p_num_labeled_within_250km | tourists | homicide_rate | gdp | urban_population_growth | log1p_num_labeled_within_50km,800.0,,0.7,1.0,2.0,,,,,,,,,,Includes current crime,0.1430549352269228,8.292507325889654
3800,extra_trees__all_features__3800,extra_trees,all_features,45,1,5.791020523889946,8.22244859859911,0.7038796745600966,1.0362726492158962,0.7168594284870473,1.051910088462939,0.995216392597957,5.978693297382374,8.292979824563425,0.7175155643037672,7.241069736100485,"{""max_depth"": 16, ""max_features"": 0.7, ""min_samples_leaf"": 1, ""min_samples_split"": 4, ""n_estimators"": 800}",dist_nearest_labeled_city | log1p_dist_nearest_labeled_city | crime_nearest_labeled_city | safety_nearest_labeled_city | same_country_as_nearest_labeled | avg_crime_k5 | avg_safety_k5 | avg_crime_k10 | avg_safety_k10 | wavg_crime_k5 | wavg_safety_k5 | log1p_num_labeled_within_50km | log1p_num_labeled_within_100km | log1p_num_labeled_within_250km | avg_crime_same_country_k5 | avg_safety_same_country_k5 | log1p_num_same_country_within_250km | log1p_num_cities_50km | log1p_sum_pop_50km | log1p_pop_gravity_50km | log1p_num_cities_100km | log1p_sum_pop_100km | log1p_pop_gravity_100km | dist_to_nearest_large_city | log1p_dist_to_nearest_large_city | log1p_pop_of_nearest_large_city | lat | lon | crimeindex_2020 | crimeindex_2023 | safetyindex_2020 | age_0_14 | age_15_64 | age_65_plus | population | density_per_km2 | gdp | gdp_per_capita | unemployment | homicide_rate | life_expectancy_male | life_expectancy_female | infant_mortality | urban_population_growth | tourists,800.0,16.0,0.7,1.0,4.0,,,,,,,,,,Includes current crime,0.07053122596431471,7.241069736100485
3799,extra_trees__all_features__3799,extra_trees,all_features,45,1,5.776409016429506,8.204334509522116,0.7051611114396803,1.0057369256947448,0.7287362773420827,1.058565975315782,0.9951556652031864,5.99991455497461,8.298584228170375,0.717133628793672,7.240018252854593,"{""max_depth"": 16, ""max_features"": 0.7, ""min_samples_leaf"": 1, ""min_samples_split"": 4, ""n_estimators"": 400}",dist_nearest_labeled_city | log1p_dist_nearest_labeled_city | crime_nearest_labeled_city | safety_nearest_labeled_city | same_country_as_nearest_labeled | avg_crime_k5 | avg_safety_k5 | avg_crime_k10 | avg_safety_k10 | wavg_crime_k5 | wavg_safety_k5 | log1p_num_labeled_within_50km | log1p_num_labeled_within_100km | log1p_num_labeled_within_250km | avg_crime_same_country_k5 | avg_safety_same_country_k5 | log1p_num_same_country_within_250km | log1p_num_cities_50km | log1p_sum_pop_50km | log1p_pop_gravity_50km | log1p_num_cities_100km | log1p_sum_pop_100km | log1p_pop_gravity_100km | dist_to_nearest_large_city | log1p_dist_to_nearest_large_city | log1p_pop_of_nearest_large_city | lat | lon | crimeindex_2020 | crimeindex_2023 | safetyindex_2020 | age_0_14 | age_15_64 | age_65_plus | population | density_per_km2 | gdp | gdp_per_capita | unemployment | homicide_rate | life_expectancy_male | life_expectancy_female | infant_mortality | urban_population_growth | tourists,400.0,16.0,0.7,1.0,4.0,,,,,,,,,,Includes current crime,0.0942497186482587,7.240018252854593
3774,extra_trees__all_features__3774,extra_trees,all_features,45,1,6.041132523336361,8.356933336110165,0.6944976015404813,1.1131586525452364,0.0001627764132834,0.0012829801570891,0.9999999928839636,5.939806740196048,8.29989238163281,0.7170444420654524,8.298609401475721,"{""max_depth"": null, ""max_features"": ""sqrt"", ""min_samples_leaf"": 1, ""min_samples_split"": 2, ""n_estimators"": 800}",dist_nearest_labeled_city | log1p_dist_nearest_labeled_city | crime_nearest_labeled_city | safety_nearest_labeled_city | same_country_as_nearest_labeled | avg_crime_k5 | avg_safety_k5 | avg_crime_k10 | avg_safety_k10 | wavg_crime_k5 | wavg_safety_k5 | log1p_num_labeled_within_50km | log1p_num_labeled_within_100km | log1p_num_labeled_within_250km | avg_crime_same_country_k5 | avg_safety_same_country_k5 | log1p_num_same_country_within_250km | log1p_num_cities_50km | log1p_sum_pop_50km | log1p_pop_gravity_50km | log1p_num_cities_100km | log1p_sum_pop_100km | log1p_pop_gravity_100km | dist_to_nearest_large_city | log1p_dist_to_nearest_large_city | log1p_pop_of_nearest_large_city | lat | lon | crimeindex_2020 | crimeindex_2023 | safetyindex_2020 | age_0_14 | age_15_64 | age_65_plus | population | density_per_km2 | gdp | gdp_per_capita | unemployment | homicide_rate | life_expectancy_male | life_expectancy_female | infant_mortality | urban_population_growth | tourists,800.0,,sqrt,1.0,2.0,,,,,,,,,,Includes current crime,-0.05704095447735469,8.298609401475721
6965,extra_trees__rf_top_35__6965,extra_trees,rf_top_35,35,1,6.030785828063827,8.336726730498285,0.6961407328242337,1.0481318018739303,0.0003083538086034,0.003149382763893,0.9999999571205525,5.899606127450991,8.299933060518452,0.7170416684523836,8.29678367775456,"{""max_depth"": null, ""max_features"": ""sqrt"", ""min_samples_leaf"": 1, ""min_samples_split"": 2, ""n_estimators"": 400}",crimeindex_2023 | wavg_crime_k5 | wavg_safety_k5 | safetyindex_2020 | crimeindex_2020 | log1p_sum_pop_50km | log1p_sum_pop_100km | log1p_pop_of_nearest_large_city | crime_nearest_labeled_city | safety_nearest_labeled_city | lon | avg_safety_same_country_k5 | log1p_dist_nearest_labeled_city | dist_nearest_labeled_city | avg_crime_same_country_k5 | avg_crime_k10 | lat | log1p_num_cities_50km | avg_safety_k10 | log1p_dist_to_nearest_large_city | log1p_num_cities_100km | dist_to_nearest_large_city | log1p_pop_gravity_100km | log1p_pop_gravity_50km | avg_crime_k5 | avg_safety_k5 | unemployment | density_per_km2 | age_15_64 | log1p_num_labeled_within_250km | tourists | homicide_rate | gdp | urban_population_growth | log1p_num_labeled_within_50km,400.0,,sqrt,1.0,2.0,,,,,,,,,,Includes current crime,-0.0367936699798328,8.29678367775456
3773,extra_trees__all_features__3773,extra_trees,all_features,45,1,6.068196385877743,8.374185494429966,0.6932251901508781,1.1202027909488783,0.0002407862410415,0.0023916316020763,0.9999999752721216,5.940469852941183,8.300118120614798,0.717029050307276,8.297726489012721,"{""max_depth"": null, ""max_features"": ""sqrt"", ""min_samples_leaf"": 1, ""min_samples_split"": 2, ""n_estimators"": 400}",dist_nearest_labeled_city | log1p_dist_nearest_labeled_city | crime_nearest_labeled_city | safety_nearest_labeled_city | same_country_as_nearest_labeled | avg_crime_k5 | avg_safety_k5 | avg_crime_k10 | avg_safety_k10 | wavg_crime_k5 | wavg_safety_k5 | log1p_num_labeled_within_50km | log1p_num_labeled_within_100km | log1p_num_labeled_within_250km | avg_crime_same_country_k5 | avg_safety_same_country_k5 | log1p_num_same_country_within_250km | log1p_num_cities_50km | log1p_sum_pop_50km | log1p_pop_gravity_50km | log1p_num_cities_100km | log1p_sum_pop_100km | log1p_pop_gravity_100km | dist_to_nearest_large_city | log1p_dist_to_nearest_large_city | log1p_pop_of_nearest_large_city | lat | lon | crimeindex_2020 | crimeindex_2023 | safetyindex_2020 | age_0_14 | age_15_64 | age_65_plus | population | density_per_km2 | gdp | gdp_per_capita | unemployment | homicide_rate | life_expectancy_male | life_expectancy_female | infant_mortality | urban_population_growth | tourists,400.0,,sqrt,1.0,2.0,,,,,,,,,,Includes current crime,-0.07406737381516848,8.297726489012721
3783,extra_trees__all_features__3783,extra_trees,all_features,45,1,5.790789288492422,8.204361432431767,0.704980276812921,1.039028548736065,0.6061492833742779,0.921537556527509,0.9963286620195144,5.984917075163401,8.315778758216307,0.7159602254770813,7.394241201688798,"{""max_depth"": null, ""max_features"": 0.7, ""min_samples_leaf"": 1, ""min_samples_split"": 4, ""n_estimators"": 400}",dist_nearest_labeled_city | log1p_dist_nearest_labeled_city | crime_nearest_labeled_city | safety_nearest_labeled_city | same_country_as_nearest_labeled | avg_crime_k5 | avg_safety_k5 | avg_crime_k10 | avg_safety_k10 | wavg_crime_k5 | wavg_safety_k5 | log1p_num_labeled_within_50km | log1p_num_labeled_within_100km | log1p_num_labeled_within_250km | avg_crime_same_country_k5 | avg_safety_same_country_k5 | log1p_num_same_country_within_250km | log1p_num_cities_50km | log1p_sum_pop_50km | log1p_pop_gravity_50km | log1p_num_cities_100km | log1p_sum_pop_100km | log1p_pop_gravity_100km | dist_to_nearest_large_city | log1p_dist_to_nearest_large_city | log1p_pop_of_nearest_large_city | lat | lon | crimeindex_2020 | crimeindex_2023 | safetyindex_2020 | age_0_14 | age_15_64 | age_65_plus | population | density_per_km2 | gdp | gdp_per_capita | unemployment | homicide_rate | life_expectancy_male | life_expectancy_female | infant_mortality | urban_population_growth | tourists,400.0,,0.7,1.0,4.0,,,,,,,,,,Includes current crime,0.11141732578454011,7.394241201688798
5378,extra_trees__rf_top_20__5378,extra_trees,rf_top_20,20,1,5.639483102228264,8.021594877577623,0.7191599654545542,0.9057305459926084,1.2899263424026258e-05,0.0001191828236773,0.999999999938592,5.877530147058772,8.317346351035011,0.7158531277076039,8.317227168211334,"{""max_depth"": null, ""max_features"": 0.7, ""min_samples_leaf"": 1, ""min_samples_split"": 2, ""n_estimators"": 800}",crimeindex_2023 | wavg_crime_k5 | wavg_safety_k5 | safetyindex_2020 | crimeindex_2020 | log1p_sum_pop_50km | log1p_sum_pop_100km | log1p_pop_of_nearest_large_city | crime_nearest_labeled_city | safety_nearest_labeled_city | lon | avg_safety_same_country_k5 | log1p_dist_nearest_labeled_city | dist_nearest_labeled_city | avg_crime_same_country_k5 | avg_crime_k10 | lat | log1p_num_cities_50km | avg_safety_k10 | log1p_dist_to_nearest_large_city,800.0,,0.7,1.0,2.0,,,,,,,,,,Includes current crime,0.29575147345738806,8.317227168211334
3784,extra_trees__all_features__3784,extra_trees,all_features,45,1,5.792629128588279,8.199537349572072,0.7055696019986307,1.0472387046918623,0.6026777948402916,0.9184410882613496,0.9963532927734016,5.959535702614383,8.318524353519054,0.7157726334222383,7.400083265257704,"{""max_depth"": null, ""max_features"": 0.7, ""min_samples_leaf"": 1, ""min_samples_split"": 4, ""n_estimators"": 800}",dist_nearest_labeled_city | log1p_dist_nearest_labeled_city | crime_nearest_labeled_city | safety_nearest_labeled_city | same_country_as_nearest_labeled | avg_crime_k5 | avg_safety_k5 | avg_crime_k10 | avg_safety_k10 | wavg_crime_k5 | wavg_safety_k5 | log1p_num_labeled_within_50km | log1p_num_labeled_within_100km | log1p_num_labeled_within_250km | avg_crime_same_country_k5 | avg_safety_same_country_k5 | log1p_num_same_country_within_250km | log1p_num_cities_50km | log1p_sum_pop_50km | log1p_pop_gravity_50km | log1p_num_cities_100km | log1p_sum_pop_100km | log1p_pop_gravity_100km | dist_to_nearest_large_city | log1p_dist_to_nearest_large_city | log1p_pop_of_nearest_large_city | lat | lon | crimeindex_2020 | crimeindex_2023 | safetyindex_2020 | age_0_14 | age_15_64 | age_65_plus | population | density_per_km2 | gdp | gdp_per_capita | unemployment | homicide_rate | life_expectancy_male | life_expectancy_female | infant_mortality | urban_population_growth | tourists,800.0,,0.7,1.0,4.0,,,,,,,,,,Includes current crime,0.11898700394698203,7.400083265257704
3790,extra_trees__all_features__3790,extra_trees,all_features,45,1,6.072846104212544,8.391291913225405,0.6918851118215903,1.1322448323632526,0.3875841710193022,0.6251489295868766,0.9983104724712518,5.966196921550569,8.319503077595506,0.7157057473929831,7.69435414800863,"{""max_depth"": 16, ""max_features"": ""sqrt"", ""min_samples_leaf"": 1, ""min_samples_split"": 2, ""n_estimators"": 800}",dist_nearest_labeled_city | log1p_dist_nearest_labeled_city | crime_nearest_labeled_city | safety_nearest_labeled_city | same_country_as_nearest_labeled | avg_crime_k5 | avg_safety_k5 | avg_crime_k10 | avg_safety_k10 | wavg_crime_k5 | wavg_safety_k5 | log1p_num_labeled_within_50km | log1p_num_labeled_within_100km | log1p_num_labeled_within_250km | avg_crime_same_country_k5 | avg_safety_same_country_k5 | log1p_num_same_country_within_250km | log1p_num_cities_50km | log1p_sum_pop_50km | log1p_pop_gravity_50km | log1p_num_cities_100km | log1p_sum_pop_100km | log1p_pop_gravity_100km | dist_to_nearest_large_city | log1p_dist_to_nearest_large_city | log1p_pop_of_nearest_large_city | lat | lon | crimeindex_2020 | crimeindex_2023 | safetyindex_2020 | age_0_14 | age_15_64 | age_65_plus | population | density_per_km2 | gdp | gdp_per_capita | unemployment | homicide_rate | life_expectancy_male | life_expectancy_female | infant_mortality | urban_population_growth | tourists,800.0,16.0,sqrt,1.0,2.0,,,,,,,,,,Includes current crime,-0.07178883562989924,7.69435414800863
3242,extra_trees__all_without_current_crime__3242,extra_trees,all_without_current_crime,44,0,6.283129698133102,8.660851170824504,0.6727560297736377,1.138570382974558,0.0001013513518682,0.0007650265769272,0.9999999974698204,5.974753186274469,8.32413472770334,0.7153891135686542,8.323369701126413,"{""max_depth"": null, ""max_features"": ""sqrt"", ""min_samples_leaf"": 1, ""min_samples_split"": 2, ""n_estimators"": 800}",dist_nearest_labeled_city | log1p_dist_nearest_labeled_city | crime_nearest_labeled_city | safety_nearest_labeled_city | same_country_as_nearest_labeled | avg_crime_k5 | avg_safety_k5 | avg_crime_k10 | avg_safety_k10 | wavg_crime_k5 | wavg_safety_k5 | log1p_num_labeled_within_50km | log1p_num_labeled_within_100km | log1p_num_labeled_within_250km | avg_crime_same_country_k5 | avg_safety_same_country_k5 | log1p_num_same_country_within_250km | log1p_num_cities_50km | log1p_sum_pop_50km | log1p_pop_gravity_50km | log1p_num_cities_100km | log1p_sum_pop_100km | log1p_pop_gravity_100km | dist_to_nearest_large_city | log1p_dist_to_nearest_large_city | log1p_pop_of_nearest_large_city | lat | lon | crimeindex_2020 | safetyindex_2020 | age_0_14 | age_15_64 | age_65_plus | population | density_per_km2 | gdp | gdp_per_capita | unemployment | homicide_rate | life_expectancy_male | life_expectancy_female | infant_mortality | urban_population_growth | tourists,800.0,,sqrt,1.0,2.0,,,,,,,,,,No current crime,-0.3367164431211638,8.323369701126413
6966,extra_trees__rf_top_35__6966,extra_trees,rf_top_35,35,1,6.008328605088835,8.315735456692279,0.6977107938829911,1.0353546392583022,0.0002604422609514,0.0018759109171053,0.9999999847867252,5.899722794117622,8.327986963094148,0.7151256286881383,8.326111052177042,"{""max_depth"": null, ""max_features"": ""sqrt"", ""min_samples_leaf"": 1, ""min_samples_split"": 2, ""n_estimators"": 800}",crimeindex_2023 | wavg_crime_k5 | wavg_safety_k5 | safetyindex_2020 | crimeindex_2020 | log1p_sum_pop_50km | log1p_sum_pop_100km | log1p_pop_of_nearest_large_city | crime_nearest_labeled_city | safety_nearest_labeled_city | lon | avg_safety_same_country_k5 | log1p_dist_nearest_labeled_city | dist_nearest_labeled_city | avg_crime_same_country_k5 | avg_crime_k10 | lat | log1p_num_cities_50km | avg_safety_k10 | log1p_dist_to_nearest_large_city | log1p_num_cities_100km | dist_to_nearest_large_city | log1p_pop_gravity_100km | log1p_pop_gravity_50km | avg_crime_k5 | avg_safety_k5 | unemployment | density_per_km2 | age_15_64 | log1p_num_labeled_within_250km | tourists | homicide_rate | gdp | urban_population_growth | log1p_num_labeled_within_50km,800.0,,sqrt,1.0,2.0,,,,,,,,,,Includes current crime,0.012251506401868895,8.326111052177042
6981,extra_trees__rf_top_35__6981,extra_trees,rf_top_35,35,1,6.046450159987293,8.373651914763212,0.6937149010170695,1.0447666165108638,0.418940484586647,0.6872261948194427,0.99795827287423,5.9368780022045415,8.33279565874266,0.7147965528507294,7.645569463923216,"{""max_depth"": 16, ""max_features"": ""sqrt"", ""min_samples_leaf"": 1, ""min_samples_split"": 2, ""n_estimators"": 400}",crimeindex_2023 | wavg_crime_k5 | wavg_safety_k5 | safetyindex_2020 | crimeindex_2020 | log1p_sum_pop_50km | log1p_sum_pop_100km | log1p_pop_of_nearest_large_city | crime_nearest_labeled_city | safety_nearest_labeled_city | lon | avg_safety_same_country_k5 | log1p_dist_nearest_labeled_city | dist_nearest_labeled_city | avg_crime_same_country_k5 | avg_crime_k10 | lat | log1p_num_cities_50km | avg_safety_k10 | log1p_dist_to_nearest_large_city | log1p_num_cities_100km | dist_to_nearest_large_city | log1p_pop_gravity_100km | log1p_pop_gravity_50km | avg_crime_k5 | avg_safety_k5 | unemployment | density_per_km2 | age_15_64 | log1p_num_labeled_within_250km | tourists | homicide_rate | gdp | urban_population_growth | log1p_num_labeled_within_50km,400.0,16.0,sqrt,1.0,2.0,,,,,,,,,,Includes current crime,-0.040856256020552095,7.645569463923216
5377,extra_trees__rf_top_20__5377,extra_trees,rf_top_20,20,1,5.663734270551032,8.055392860152619,0.7169929175426217,0.9004196821038707,2.4570024823571703e-05,0.0002364250534413,0.9999999997583509,5.867506862745111,8.334945896598002,0.71464934310326,8.334709471544562,"{""max_depth"": null, ""max_features"": 0.7, ""min_samples_leaf"": 1, ""min_samples_split"": 2, ""n_estimators"": 400}",crimeindex_2023 | wavg_crime_k5 | wavg_safety_k5 | safetyindex_2020 | crimeindex_2020 | log1p_sum_pop_50km | log1p_sum_pop_100km | log1p_pop_of_nearest_large_city | crime_nearest_labeled_city | safety_nearest_labeled_city | lon | avg_safety_same_country_k5 | log1p_dist_nearest_labeled_city | dist_nearest_labeled_city | avg_crime_same_country_k5 | avg_crime_k10 | lat | log1p_num_cities_50km | avg_safety_k10 | log1p_dist_to_nearest_large_city,400.0,,0.7,1.0,2.0,,,,,,,,,,Includes current crime,0.27955303644538354,8.334709471544562
3241,extra_trees__all_without_current_crime__3241,extra_trees,all_without_current_crime,44,0,6.288690454682316,8.657083034287558,0.673077259666836,1.1006326873779368,0.0001068796071348,0.0009435055393332,0.999999996151538,5.993644117647065,8.337357581940593,0.7144841889280927,8.33641407640126,"{""max_depth"": null, ""max_features"": ""sqrt"", ""min_samples_leaf"": 1, ""min_samples_split"": 2, ""n_estimators"": 400}",dist_nearest_labeled_city | log1p_dist_nearest_labeled_city | crime_nearest_labeled_city | safety_nearest_labeled_city | same_country_as_nearest_labeled | avg_crime_k5 | avg_safety_k5 | avg_crime_k10 | avg_safety_k10 | wavg_crime_k5 | wavg_safety_k5 | log1p_num_labeled_within_50km | log1p_num_labeled_within_100km | log1p_num_labeled_within_250km | avg_crime_same_country_k5 | avg_safety_same_country_k5 | log1p_num_same_country_within_250km | log1p_num_cities_50km | log1p_sum_pop_50km | log1p_pop_gravity_50km | log1p_num_cities_100km | log1p_sum_pop_100km | log1p_pop_gravity_100km | dist_to_nearest_large_city | log1p_dist_to_nearest_large_city | log1p_pop_of_nearest_large_city | lat | lon | crimeindex_2020 | safetyindex_2020 | age_0_14 | age_15_64 | age_65_plus | population | density_per_km2 | gdp | gdp_per_capita | unemployment | homicide_rate | life_expectancy_male | life_expectancy_female | infant_mortality | urban_population_growth | tourists,400.0,,sqrt,1.0,2.0,,,,,,,,,,No current crime,-0.31972545234696526,8.33641407640126
5393,extra_trees__rf_top_20__5393,extra_trees,rf_top_20,20,1,5.726585294759147,8.090245188098866,0.7141117760682726,0.9444463905493746,0.1740220438418812,0.3260493114494029,0.9995404160394044,5.931130060598149,8.339685111115756,0.7143247525277756,8.013635799666353,"{""max_depth"": 16, ""max_features"": 0.7, ""min_samples_leaf"": 1, ""min_samples_split"": 2, ""n_estimators"": 400}",crimeindex_2023 | wavg_crime_k5 | wavg_safety_k5 | safetyindex_2020 | crimeindex_2020 | log1p_sum_pop_50km | log1p_sum_pop_100km | log1p_pop_of_nearest_large_city | crime_nearest_labeled_city | safety_nearest_labeled_city | lon | avg_safety_same_country_k5 | log1p_dist_nearest_labeled_city | dist_nearest_labeled_city | avg_crime_same_country_k5 | avg_crime_k10 | lat | log1p_num_cities_50km | avg_safety_k10 | log1p_dist_to_nearest_large_city,400.0,16.0,0.7,1.0,2.0,,,,,,,,,,Includes current crime,0.24943992301689022,8.013635799666353
6976,extra_trees__rf_top_35__6976,extra_trees,rf_top_35,35,1,5.742900018756907,8.143780755630402,0.7096011931386657,0.9958593315501252,0.6268961711711639,0.9523033780743364,0.9960794324729654,5.929892606209144,8.346800004215824,0.7138371044112775,7.394496626141487,"{""max_depth"": null, ""max_features"": 0.7, ""min_samples_leaf"": 1, ""min_samples_split"": 4, ""n_estimators"": 800}",crimeindex_2023 | wavg_crime_k5 | wavg_safety_k5 | safetyindex_2020 | crimeindex_2020 | log1p_sum_pop_50km | log1p_sum_pop_100km | log1p_pop_of_nearest_large_city | crime_nearest_labeled_city | safety_nearest_labeled_city | lon | avg_safety_same_country_k5 | log1p_dist_nearest_labeled_city | dist_nearest_labeled_city | avg_crime_same_country_k5 | avg_crime_k10 | lat | log1p_num_cities_50km | avg_safety_k10 | log1p_dist_to_nearest_large_city | log1p_num_cities_100km | dist_to_nearest_large_city | log1p_pop_gravity_100km | log1p_pop_gravity_50km | avg_crime_k5 | avg_safety_k5 | unemployment | density_per_km2 | age_15_64 | log1p_num_labeled_within_250km | tourists | homicide_rate | gdp | urban_population_growth | log1p_num_labeled_within_50km,800.0,,0.7,1.0,4.0,,,,,,,,,,Includes current crime,0.20301924858542186,7.394496626141487
3251,extra_trees__all_without_current_crime__3251,extra_trees,all_without_current_crime,44,0,6.032271897269903,8.483795458391551,0.6858002240703363,1.0908855799366848,0.6353120802620732,0.9592203377465665,0.9960222723409864,5.964119934640522,8.349685198730242,0.7136392373693623,7.390464860983675,"{""max_depth"": null, ""max_features"": 0.7, ""min_samples_leaf"": 1, ""min_samples_split"": 4, ""n_estimators"": 400}",dist_nearest_labeled_city | log1p_dist_nearest_labeled_city | crime_nearest_labeled_city | safety_nearest_labeled_city | same_country_as_nearest_labeled | avg_crime_k5 | avg_safety_k5 | avg_crime_k10 | avg_safety_k10 | wavg_crime_k5 | wavg_safety_k5 | log1p_num_labeled_within_50km | log1p_num_labeled_within_100km | log1p_num_labeled_within_250km | avg_crime_same_country_k5 | avg_safety_same_country_k5 | log1p_num_same_country_within_250km | log1p_num_cities_50km | log1p_sum_pop_50km | log1p_pop_gravity_50km | log1p_num_cities_100km | log1p_sum_pop_100km | log1p_pop_gravity_100km | dist_to_nearest_large_city | log1p_dist_to_nearest_large_city | log1p_pop_of_nearest_large_city | lat | lon | crimeindex_2020 | safetyindex_2020 | age_0_14 | age_15_64 | age_65_plus | population | density_per_km2 | gdp | gdp_per_capita | unemployment | homicide_rate | life_expectancy_male | life_expectancy_female | infant_mortality | urban_population_growth | tourists,400.0,,0.7,1.0,4.0,,,,,,,,,,No current crime,-0.13411025966130907,7.390464860983675
5394,extra_trees__rf_top_20__5394,extra_trees,rf_top_20,20,1,5.6923569179628,8.065157614606836,0.7158557250423203,0.9209693313978816,0.1791940321413805,0.3287530604288592,0.999532762278326,5.939995043230192,8.350455674159901,0.7135863864879265,8.021702613731042,"{""max_depth"": 16, ""max_features"": 0.7, ""min_samples_leaf"": 1, ""min_samples_split"": 2, ""n_estimators"": 800}",crimeindex_2023 | wavg_crime_k5 | wavg_safety_k5 | safetyindex_2020 | crimeindex_2020 | log1p_sum_pop_50km | log1p_sum_pop_100km | log1p_pop_of_nearest_large_city | crime_nearest_labeled_city | safety_nearest_labeled_city | lon | avg_safety_same_country_k5 | log1p_dist_nearest_labeled_city | dist_nearest_labeled_city | avg_crime_same_country_k5 | avg_crime_k10 | lat | log1p_num_cities_50km | avg_safety_k10 | log1p_dist_to_nearest_large_city,800.0,16.0,0.7,1.0,2.0,,,,,,,,,,Includes current crime,0.28529805955306564,8.021702613731042
3789,extra_trees__all_features__3789,extra_trees,all_features,45,1,6.12342424354778,8.436539033540118,0.6884894881840113,1.150900256265838,0.3848431976816978,0.618108902722567,0.9983483109622998,6.0077406683940655,8.354232182128811,0.7133272658067157,7.736123279406244,"{""max_depth"": 16, ""max_features"": ""sqrt"", ""min_samples_leaf"": 1, ""min_samples_split"": 2, ""n_estimators"": 400}",dist_nearest_labeled_city | log1p_dist_nearest_labeled_city | crime_nearest_labeled_city | safety_nearest_labeled_city | same_country_as_nearest_labeled | avg_crime_k5 | avg_safety_k5 | avg_crime_k10 | avg_safety_k10 | wavg_crime_k5 | wavg_safety_k5 | log1p_num_labeled_within_50km | log1p_num_labeled_within_100km | log1p_num_labeled_within_250km | avg_crime_same_country_k5 | avg_safety_same_country_k5 | log1p_num_same_country_within_250km | log1p_num_cities_50km | log1p_sum_pop_50km | log1p_pop_gravity_50km | log1p_num_cities_100km | log1p_sum_pop_100km | log1p_pop_gravity_100km | dist_to_nearest_large_city | log1p_dist_to_nearest_large_city | log1p_pop_of_nearest_large_city | lat | lon | crimeindex_2020 | crimeindex_2023 | safetyindex_2020 | age_0_14 | age_15_64 | age_65_plus | population | density_per_km2 | gdp | gdp_per_capita | unemployment | homicide_rate | life_expectancy_male | life_expectancy_female | infant_mortality | urban_population_growth | tourists,400.0,16.0,sqrt,1.0,2.0,,,,,,,,,,Includes current crime,-0.08230685141130678,7.736123279406244
6992,extra_trees__rf_top_35__6992,extra_trees,rf_top_35,35,1,5.772044744783038,8.155279300498355,0.7088563274943691,1.0320368694625068,0.7396216901251326,1.0840205305710966,0.9949198878068906,5.974393551715396,8.35569334612616,0.7132269783117053,7.271672815555062,"{""max_depth"": 16, ""max_features"": 0.7, ""min_samples_leaf"": 1, ""min_samples_split"": 4, ""n_estimators"": 800}",crimeindex_2023 | wavg_crime_k5 | wavg_safety_k5 | safetyindex_2020 | crimeindex_2020 | log1p_sum_pop_50km | log1p_sum_pop_100km | log1p_pop_of_nearest_large_city | crime_nearest_labeled_city | safety_nearest_labeled_city | lon | avg_safety_same_country_k5 | log1p_dist_nearest_labeled_city | dist_nearest_labeled_city | avg_crime_same_country_k5 | avg_crime_k10 | lat | log1p_num_cities_50km | avg_safety_k10 | log1p_dist_to_nearest_large_city | log1p_num_cities_100km | dist_to_nearest_large_city | log1p_pop_gravity_100km | log1p_pop_gravity_50km | avg_crime_k5 | avg_safety_k5 | unemployment | density_per_km2 | age_15_64 | log1p_num_labeled_within_250km | tourists | homicide_rate | gdp | urban_population_growth | log1p_num_labeled_within_50km,800.0,16.0,0.7,1.0,4.0,,,,,,,,,,Includes current crime,0.20041404562780407,7.271672815555062
6441,extra_trees__rf_top_30__6441,extra_trees,rf_top_30,30,1,5.791683665311643,8.231925370985774,0.7038549585858229,1.0020216104987798,1.2285014839795052e-06,1.7524990945845925e-05,0.9999999999986724,5.880814460784323,8.361862226529427,0.7128033817438448,8.36184470153848,"{""max_depth"": null, ""max_features"": 0.7, ""min_samples_leaf"": 1, ""min_samples_split"": 2, ""n_estimators"": 400}",crimeindex_2023 | wavg_crime_k5 | wavg_safety_k5 | safetyindex_2020 | crimeindex_2020 | log1p_sum_pop_50km | log1p_sum_pop_100km | log1p_pop_of_nearest_large_city | crime_nearest_labeled_city | safety_nearest_labeled_city | lon | avg_safety_same_country_k5 | log1p_dist_nearest_labeled_city | dist_nearest_labeled_city | avg_crime_same_country_k5 | avg_crime_k10 | lat | log1p_num_cities_50km | avg_safety_k10 | log1p_dist_to_nearest_large_city | log1p_num_cities_100km | dist_to_nearest_large_city | log1p_pop_gravity_100km | log1p_pop_gravity_50km | avg_crime_k5 | avg_safety_k5 | unemployment | density_per_km2 | age_15_64 | log1p_num_labeled_within_250km,400.0,,0.7,1.0,2.0,,,,,,,,,,Includes current crime,0.12993685554365264,8.36184470153848
3257,extra_trees__all_without_current_crime__3257,extra_trees,all_without_current_crime,44,0,6.326524057964884,8.691471815266947,0.6703287313772994,1.1060102875390552,0.425364279104755,0.6631336475882433,0.9980989198900518,5.988432276854147,8.362807777912845,0.7127384262336551,7.699674130324602,"{""max_depth"": 16, ""max_features"": ""sqrt"", ""min_samples_leaf"": 1, ""min_samples_split"": 2, ""n_estimators"": 400}",dist_nearest_labeled_city | log1p_dist_nearest_labeled_city | crime_nearest_labeled_city | safety_nearest_labeled_city | same_country_as_nearest_labeled | avg_crime_k5 | avg_safety_k5 | avg_crime_k10 | avg_safety_k10 | wavg_crime_k5 | wavg_safety_k5 | log1p_num_labeled_within_50km | log1p_num_labeled_within_100km | log1p_num_labeled_within_250km | avg_crime_same_country_k5 | avg_safety_same_country_k5 | log1p_num_same_country_within_250km | log1p_num_cities_50km | log1p_sum_pop_50km | log1p_pop_gravity_50km | log1p_num_cities_100km | log1p_sum_pop_100km | log1p_pop_gravity_100km | dist_to_nearest_large_city | log1p_dist_to_nearest_large_city | log1p_pop_of_nearest_large_city | lat | lon | crimeindex_2020 | safetyindex_2020 | age_0_14 | age_15_64 | age_65_plus | population | density_per_km2 | gdp | gdp_per_capita | unemployment | homicide_rate | life_expectancy_male | life_expectancy_female | infant_mortality | urban_population_growth | tourists,400.0,16.0,sqrt,1.0,2.0,,,,,,,,,,No current crime,-0.3286640373541019,7.699674130324602
6975,extra_trees__rf_top_35__6975,extra_trees,rf_top_35,35,1,5.738101623883372,8.161671710477686,0.708136818726297,0.987940118673088,0.629124692874688,0.9470396794884396,0.9961226532643584,5.946372344771241,8.366944453473074,0.7124541671995321,7.419904773984634,"{""max_depth"": null, ""max_features"": 0.7, ""min_samples_leaf"": 1, ""min_samples_split"": 4, ""n_estimators"": 400}",crimeindex_2023 | wavg_crime_k5 | wavg_safety_k5 | safetyindex_2020 | crimeindex_2020 | log1p_sum_pop_50km | log1p_sum_pop_100km | log1p_pop_of_nearest_large_city | crime_nearest_labeled_city | safety_nearest_labeled_city | lon | avg_safety_same_country_k5 | log1p_dist_nearest_labeled_city | dist_nearest_labeled_city | avg_crime_same_country_k5 | avg_crime_k10 | lat | log1p_num_cities_50km | avg_safety_k10 | log1p_dist_to_nearest_large_city | log1p_num_cities_100km | dist_to_nearest_large_city | log1p_pop_gravity_100km | log1p_pop_gravity_50km | avg_crime_k5 | avg_safety_k5 | unemployment | density_per_km2 | age_15_64 | log1p_num_labeled_within_250km | tourists | homicide_rate | gdp | urban_population_growth | log1p_num_labeled_within_50km,400.0,,0.7,1.0,4.0,,,,,,,,,,Includes current crime,0.20527274299538867,7.419904773984634
5380,extra_trees__rf_top_20__5380,extra_trees,rf_top_20,20,1,5.687358905952023,8.048243030447743,0.7173522024364931,0.9118952157725262,0.7365365786240697,1.0925530743034586,0.9948395998937564,5.965428370098035,8.371603851398646,0.7121338200246042,7.279050777095188,"{""max_depth"": null, ""max_features"": 0.7, ""min_samples_leaf"": 1, ""min_samples_split"": 4, ""n_estimators"": 800}",crimeindex_2023 | wavg_crime_k5 | wavg_safety_k5 | safetyindex_2020 | crimeindex_2020 | log1p_sum_pop_50km | log1p_sum_pop_100km | log1p_pop_of_nearest_large_city | crime_nearest_labeled_city | safety_nearest_labeled_city | lon | avg_safety_same_country_k5 | log1p_dist_nearest_labeled_city | dist_nearest_labeled_city | avg_crime_same_country_k5 | avg_crime_k10 | lat | log1p_num_cities_50km | avg_safety_k10 | log1p_dist_to_nearest_large_city,800.0,,0.7,1.0,4.0,,,,,,,,,,Includes current crime,0.3233608209509029,7.279050777095188
6982,extra_trees__rf_top_35__6982,extra_trees,rf_top_35,35,1,6.022018792108044,8.345068390514694,0.6957548594159535,1.044375981529773,0.4198556907632164,0.6796695358120722,0.9980029271963522,5.9565036249831484,8.374430924246159,0.7119393636007239,7.694761388434086,"{""max_depth"": 16, ""max_features"": ""sqrt"", ""min_samples_leaf"": 1, ""min_samples_split"": 2, ""n_estimators"": 800}",crimeindex_2023 | wavg_crime_k5 | wavg_safety_k5 | safetyindex_2020 | crimeindex_2020 | log1p_sum_pop_50km | log1p_sum_pop_100km | log1p_pop_of_nearest_large_city | crime_nearest_labeled_city | safety_nearest_labeled_city | lon | avg_safety_same_country_k5 | log1p_dist_nearest_labeled_city | dist_nearest_labeled_city | avg_crime_same_country_k5 | avg_crime_k10 | lat | log1p_num_cities_50km | avg_safety_k10 | log1p_dist_to_nearest_large_city | log1p_num_cities_100km | dist_to_nearest_large_city | log1p_pop_gravity_100km | log1p_pop_gravity_50km | avg_crime_k5 | avg_safety_k5 | unemployment | density_per_km2 | age_15_64 | log1p_num_labeled_within_250km | tourists | homicide_rate | gdp | urban_population_growth | log1p_num_labeled_within_50km,800.0,16.0,sqrt,1.0,2.0,,,,,,,,,,Includes current crime,0.029362533731465135,7.694761388434086
5379,extra_trees__rf_top_20__5379,extra_trees,rf_top_20,20,1,5.68835520588678,8.028810560941318,0.7188368840939361,0.9190252253728146,0.7347685708435607,1.1018697599643907,0.9947512145927504,5.969014133986931,8.375431793818747,0.711870504389302,7.273562033854356,"{""max_depth"": null, ""max_features"": 0.7, ""min_samples_leaf"": 1, ""min_samples_split"": 4, ""n_estimators"": 400}",crimeindex_2023 | wavg_crime_k5 | wavg_safety_k5 | safetyindex_2020 | crimeindex_2020 | log1p_sum_pop_50km | log1p_sum_pop_100km | log1p_pop_of_nearest_large_city | crime_nearest_labeled_city | safety_nearest_labeled_city | lon | avg_safety_same_country_k5 | log1p_dist_nearest_labeled_city | dist_nearest_labeled_city | avg_crime_same_country_k5 | avg_crime_k10 | lat | log1p_num_cities_50km | avg_safety_k10 | log1p_dist_to_nearest_large_city,400.0,,0.7,1.0,4.0,,,,,,,,,,Includes current crime,0.3466212328774283,7.273562033854356
6442,extra_trees__rf_top_30__6442,extra_trees,rf_top_30,30,1,5.798488143255048,8.205129194742595,0.7056033254558564,0.9828486043901624,1.8427523675147829e-06,2.6287486380415948e-05,0.9999999999970126,5.904077573529379,8.37557409197247,0.7118607136956244,8.375547804486091,"{""max_depth"": null, ""max_features"": 0.7, ""min_samples_leaf"": 1, ""min_samples_split"": 2, ""n_estimators"": 800}",crimeindex_2023 | wavg_crime_k5 | wavg_safety_k5 | safetyindex_2020 | crimeindex_2020 | log1p_sum_pop_50km | log1p_sum_pop_100km | log1p_pop_of_nearest_large_city | crime_nearest_labeled_city | safety_nearest_labeled_city | lon | avg_safety_same_country_k5 | log1p_dist_nearest_labeled_city | dist_nearest_labeled_city | avg_crime_same_country_k5 | avg_crime_k10 | lat | log1p_num_cities_50km | avg_safety_k10 | log1p_dist_to_nearest_large_city | log1p_num_cities_100km | dist_to_nearest_large_city | log1p_pop_gravity_100km | log1p_pop_gravity_50km | avg_crime_k5 | avg_safety_k5 | unemployment | density_per_km2 | age_15_64 | log1p_num_labeled_within_250km,800.0,,0.7,1.0,2.0,,,,,,,,,,Includes current crime,0.170444897229876,8.375547804486091
6991,extra_trees__rf_top_35__6991,extra_trees,rf_top_35,35,1,5.781337609132185,8.187974447326493,0.7062179919439664,1.0619746550813636,0.7421355163606838,1.090878418203847,0.9948554074048152,5.972399093035854,8.377702672115719,0.7117142388408755,7.286824253911872,"{""max_depth"": 16, ""max_features"": 0.7, ""min_samples_leaf"": 1, ""min_samples_split"": 4, ""n_estimators"": 400}",crimeindex_2023 | wavg_crime_k5 | wavg_safety_k5 | safetyindex_2020 | crimeindex_2020 | log1p_sum_pop_50km | log1p_sum_pop_100km | log1p_pop_of_nearest_large_city | crime_nearest_labeled_city | safety_nearest_labeled_city | lon | avg_safety_same_country_k5 | log1p_dist_nearest_labeled_city | dist_nearest_labeled_city | avg_crime_same_country_k5 | avg_crime_k10 | lat | log1p_num_cities_50km | avg_safety_k10 | log1p_dist_to_nearest_large_city | log1p_num_cities_100km | dist_to_nearest_large_city | log1p_pop_gravity_100km | log1p_pop_gravity_50km | avg_crime_k5 | avg_safety_k5 | unemployment | density_per_km2 | age_15_64 | log1p_num_labeled_within_250km | tourists | homicide_rate | gdp | urban_population_growth | log1p_num_labeled_within_50km,400.0,16.0,0.7,1.0,4.0,,,,,,,,,,Includes current crime,0.18972822478922602,7.286824253911872
3776,extra_trees__all_features__3776,extra_trees,all_features,45,1,6.117183717065651,8.41573124746732,0.6903755432931773,1.106015288860705,1.298645710483202,1.8038206820517968,0.9859335336090912,6.059377879901947,8.384471145453599,0.7112482297716651,6.580650463401802,"{""max_depth"": null, ""max_features"": ""sqrt"", ""min_samples_leaf"": 1, ""min_samples_split"": 4, ""n_estimators"": 800}",dist_nearest_labeled_city | log1p_dist_nearest_labeled_city | crime_nearest_labeled_city | safety_nearest_labeled_city | same_country_as_nearest_labeled | avg_crime_k5 | avg_safety_k5 | avg_crime_k10 | avg_safety_k10 | wavg_crime_k5 | wavg_safety_k5 | log1p_num_labeled_within_50km | log1p_num_labeled_within_100km | log1p_num_labeled_within_250km | avg_crime_same_country_k5 | avg_safety_same_country_k5 | log1p_num_same_country_within_250km | log1p_num_cities_50km | log1p_sum_pop_50km | log1p_pop_gravity_50km | log1p_num_cities_100km | log1p_sum_pop_100km | log1p_pop_gravity_100km | dist_to_nearest_large_city | log1p_dist_to_nearest_large_city | log1p_pop_of_nearest_large_city | lat | lon | crimeindex_2020 | crimeindex_2023 | safetyindex_2020 | age_0_14 | age_15_64 | age_65_plus | population | density_per_km2 | gdp | gdp_per_capita | unemployment | homicide_rate | life_expectancy_male | life_expectancy_female | infant_mortality | urban_population_growth | tourists,800.0,,sqrt,1.0,4.0,,,,,,,,,,Includes current crime,-0.031260102013721536,6.580650463401803
5396,extra_trees__rf_top_20__5396,extra_trees,rf_top_20,20,1,5.698169021102156,8.0600029342083,0.7165686701639423,0.9007864128426488,0.8514200646132666,1.2234246148683514,0.9935292783704984,6.001512949479644,8.395267955835275,0.7105040909117315,7.171843340966923,"{""max_depth"": 16, ""max_features"": 0.7, ""min_samples_leaf"": 1, ""min_samples_split"": 4, ""n_estimators"": 800}",crimeindex_2023 | wavg_crime_k5 | wavg_safety_k5 | safetyindex_2020 | crimeindex_2020 | log1p_sum_pop_50km | log1p_sum_pop_100km | log1p_pop_of_nearest_large_city | crime_nearest_labeled_city | safety_nearest_labeled_city | lon | avg_safety_same_country_k5 | log1p_dist_nearest_labeled_city | dist_nearest_labeled_city | avg_crime_same_country_k5 | avg_crime_k10 | lat | log1p_num_cities_50km | avg_safety_k10 | log1p_dist_to_nearest_large_city,800.0,16.0,0.7,1.0,4.0,,,,,,,,,,Includes current crime,0.3352650216269737,7.171843340966923
3268,extra_trees__all_without_current_crime__3268,extra_trees,all_without_current_crime,44,0,6.019272404644736,8.474362639120299,0.6863492842869882,1.1052090088270583,0.7426423370996887,1.0819906993496244,0.9949388950408672,5.970093709020457,8.395274861214705,0.7105036146720382,7.313284161865081,"{""max_depth"": 16, ""max_features"": 0.7, ""min_samples_leaf"": 1, ""min_samples_split"": 4, ""n_estimators"": 800}",dist_nearest_labeled_city | log1p_dist_nearest_labeled_city | crime_nearest_labeled_city | safety_nearest_labeled_city | same_country_as_nearest_labeled | avg_crime_k5 | avg_safety_k5 | avg_crime_k10 | avg_safety_k10 | wavg_crime_k5 | wavg_safety_k5 | log1p_num_labeled_within_50km | log1p_num_labeled_within_100km | log1p_num_labeled_within_250km | avg_crime_same_country_k5 | avg_safety_same_country_k5 | log1p_num_same_country_within_250km | log1p_num_cities_50km | log1p_sum_pop_50km | log1p_pop_gravity_50km | log1p_num_cities_100km | log1p_sum_pop_100km | log1p_pop_gravity_100km | dist_to_nearest_large_city | log1p_dist_to_nearest_large_city | log1p_pop_of_nearest_large_city | lat | lon | crimeindex_2020 | safetyindex_2020 | age_0_14 | age_15_64 | age_65_plus | population | density_per_km2 | gdp | gdp_per_capita | unemployment | homicide_rate | life_expectancy_male | life_expectancy_female | infant_mortality | urban_population_growth | tourists,800.0,16.0,0.7,1.0,4.0,,,,,,,,,,No current crime,-0.07908777790559363,7.313284161865081
3252,extra_trees__all_without_current_crime__3252,extra_trees,all_without_current_crime,44,0,6.0166779004817865,8.47953361716341,0.6860866951742842,1.07014020881223,0.6228199119574036,0.950180935904815,0.9960968888952444,5.978270220588238,8.399597308165422,0.7102054338683255,7.449416372260607,"{""max_depth"": null, ""max_features"": 0.7, ""min_samples_leaf"": 1, ""min_samples_split"": 4, ""n_estimators"": 800}",dist_nearest_labeled_city | log1p_dist_nearest_labeled_city | crime_nearest_labeled_city | safety_nearest_labeled_city | same_country_as_nearest_labeled | avg_crime_k5 | avg_safety_k5 | avg_crime_k10 | avg_safety_k10 | wavg_crime_k5 | wavg_safety_k5 | log1p_num_labeled_within_50km | log1p_num_labeled_within_100km | log1p_num_labeled_within_250km | avg_crime_same_country_k5 | avg_safety_same_country_k5 | log1p_num_same_country_within_250km | log1p_num_cities_50km | log1p_sum_pop_50km | log1p_pop_gravity_50km | log1p_num_cities_100km | log1p_sum_pop_100km | log1p_pop_gravity_100km | dist_to_nearest_large_city | log1p_dist_to_nearest_large_city | log1p_pop_of_nearest_large_city | lat | lon | crimeindex_2020 | safetyindex_2020 | age_0_14 | age_15_64 | age_65_plus | population | density_per_km2 | gdp | gdp_per_capita | unemployment | homicide_rate | life_expectancy_male | life_expectancy_female | infant_mortality | urban_population_growth | tourists,800.0,,0.7,1.0,4.0,,,,,,,,,,No current crime,-0.07993630899798809,7.4494163722606075
3267,extra_trees__all_without_current_crime__3267,extra_trees,all_without_current_crime,44,0,6.037781007567413,8.490050168260641,0.6852175962775207,1.110523270220564,0.7343564797593022,1.0719264242861388,0.9950326101845582,5.975716302084796,8.400252402843345,0.7101602292533814,7.328325978557205,"{""max_depth"": 16, ""max_features"": 0.7, ""min_samples_leaf"": 1, ""min_samples_split"": 4, ""n_estimators"": 400}",dist_nearest_labeled_city | log1p_dist_nearest_labeled_city | crime_nearest_labeled_city | safety_nearest_labeled_city | same_country_as_nearest_labeled | avg_crime_k5 | avg_safety_k5 | avg_crime_k10 | avg_safety_k10 | wavg_crime_k5 | wavg_safety_k5 | log1p_num_labeled_within_50km | log1p_num_labeled_within_100km | log1p_num_labeled_within_250km | avg_crime_same_country_k5 | avg_safety_same_country_k5 | log1p_num_same_country_within_250km | log1p_num_cities_50km | log1p_sum_pop_50km | log1p_pop_gravity_50km | log1p_num_cities_100km | log1p_sum_pop_100km | log1p_pop_gravity_100km | dist_to_nearest_large_city | log1p_dist_to_nearest_large_city | log1p_pop_of_nearest_large_city | lat | lon | crimeindex_2020 | safetyindex_2020 | age_0_14 | age_15_64 | age_65_plus | population | density_per_km2 | gdp | gdp_per_capita | unemployment | homicide_rate | life_expectancy_male | life_expectancy_female | infant_mortality | urban_population_growth | tourists,400.0,16.0,0.7,1.0,4.0,,,,,,,,,,No current crime,-0.08979776541729656,7.3283259785572055
5910,extra_trees__rf_top_25__5910,extra_trees,rf_top_25,25,1,5.783136717479676,8.184660284612994,0.7075388620162875,0.9293516442324766,1.1056511584600106e-05,0.0001577249184137,0.9999999998924528,5.911233210784276,8.401763588035985,0.7100559369186996,8.401605863117572,"{""max_depth"": null, ""max_features"": 0.7, ""min_samples_leaf"": 1, ""min_samples_split"": 2, ""n_estimators"": 800}",crimeindex_2023 | wavg_crime_k5 | wavg_safety_k5 | safetyindex_2020 | crimeindex_2020 | log1p_sum_pop_50km | log1p_sum_pop_100km | log1p_pop_of_nearest_large_city | crime_nearest_labeled_city | safety_nearest_labeled_city | lon | avg_safety_same_country_k5 | log1p_dist_nearest_labeled_city | dist_nearest_labeled_city | avg_crime_same_country_k5 | avg_crime_k10 | lat | log1p_num_cities_50km | avg_safety_k10 | log1p_dist_to_nearest_large_city | log1p_num_cities_100km | dist_to_nearest_large_city | log1p_pop_gravity_100km | log1p_pop_gravity_50km | avg_crime_k5,800.0,,0.7,1.0,2.0,,,,,,,,,,Includes current crime,0.21710330342299144,8.401605863117572
3801,extra_trees__all_features__3801,extra_trees,all_features,45,1,5.86017361274733,8.245987606300064,0.7027492362055765,1.0062673477069797,1.1927038664925331,1.8630942197501583,0.984993896914128,6.042272062857277,8.403276739844816,0.7099514900638593,6.540182520094658,"{""max_depth"": 16, ""max_features"": 0.7, ""min_samples_leaf"": 2, ""min_samples_split"": 2, ""n_estimators"": 400}",dist_nearest_labeled_city | log1p_dist_nearest_labeled_city | crime_nearest_labeled_city | safety_nearest_labeled_city | same_country_as_nearest_labeled | avg_crime_k5 | avg_safety_k5 | avg_crime_k10 | avg_safety_k10 | wavg_crime_k5 | wavg_safety_k5 | log1p_num_labeled_within_50km | log1p_num_labeled_within_100km | log1p_num_labeled_within_250km | avg_crime_same_country_k5 | avg_safety_same_country_k5 | log1p_num_same_country_within_250km | log1p_num_cities_50km | log1p_sum_pop_50km | log1p_pop_gravity_50km | log1p_num_cities_100km | log1p_sum_pop_100km | log1p_pop_gravity_100km | dist_to_nearest_large_city | log1p_dist_to_nearest_large_city | log1p_pop_of_nearest_large_city | lat | lon | crimeindex_2020 | crimeindex_2023 | safetyindex_2020 | age_0_14 | age_15_64 | age_65_plus | population | density_per_km2 | gdp | gdp_per_capita | unemployment | homicide_rate | life_expectancy_male | life_expectancy_female | infant_mortality | urban_population_growth | tourists,400.0,16.0,0.7,2.0,2.0,,,,,,,,,,Includes current crime,0.1572891335447526,6.540182520094659
3803,extra_trees__all_features__3803,extra_trees,all_features,45,1,5.86017361274733,8.245987606300064,0.7027492362055765,1.00626734770698,1.1927038664925331,1.8630942197501572,0.984993896914128,6.042272062857278,8.403276739844816,0.7099514900638594,6.540182520094659,"{""max_depth"": 16, ""max_features"": 0.7, ""min_samples_leaf"": 2, ""min_samples_split"": 4, ""n_estimators"": 400}",dist_nearest_labeled_city | log1p_dist_nearest_labeled_city | crime_nearest_labeled_city | safety_nearest_labeled_city | same_country_as_nearest_labeled | avg_crime_k5 | avg_safety_k5 | avg_crime_k10 | avg_safety_k10 | wavg_crime_k5 | wavg_safety_k5 | log1p_num_labeled_within_50km | log1p_num_labeled_within_100km | log1p_num_labeled_within_250km | avg_crime_same_country_k5 | avg_safety_same_country_k5 | log1p_num_same_country_within_250km | log1p_num_cities_50km | log1p_sum_pop_50km | log1p_pop_gravity_50km | log1p_num_cities_100km | log1p_sum_pop_100km | log1p_pop_gravity_100km | dist_to_nearest_large_city | log1p_dist_to_nearest_large_city | log1p_pop_of_nearest_large_city | lat | lon | crimeindex_2020 | crimeindex_2023 | safetyindex_2020 | age_0_14 | age_15_64 | age_65_plus | population | density_per_km2 | gdp | gdp_per_capita | unemployment | homicide_rate | life_expectancy_male | life_expectancy_female | infant_mortality | urban_population_growth | tourists,400.0,16.0,0.7,2.0,4.0,,,,,,,,,,Includes current crime,0.1572891335447526,6.5401825200946595
3775,extra_trees__all_features__3775,extra_trees,all_features,45,1,6.121993678485393,8.410210736842107,0.6910369164122739,1.09629546734552,1.293298935298928,1.7998995192751934,0.985994622779044,6.0739693627451095,8.405883644046058,0.709771501712307,6.605984124770865,"{""max_depth"": null, ""max_features"": ""sqrt"", ""min_samples_leaf"": 1, ""min_samples_split"": 4, ""n_estimators"": 400}",dist_nearest_labeled_city | log1p_dist_nearest_labeled_city | crime_nearest_labeled_city | safety_nearest_labeled_city | same_country_as_nearest_labeled | avg_crime_k5 | avg_safety_k5 | avg_crime_k10 | avg_safety_k10 | wavg_crime_k5 | wavg_safety_k5 | log1p_num_labeled_within_50km | log1p_num_labeled_within_100km | log1p_num_labeled_within_250km | avg_crime_same_country_k5 | avg_safety_same_country_k5 | log1p_num_same_country_within_250km | log1p_num_cities_50km | log1p_sum_pop_50km | log1p_pop_gravity_50km | log1p_num_cities_100km | log1p_sum_pop_100km | log1p_pop_gravity_100km | dist_to_nearest_large_city | log1p_dist_to_nearest_large_city | log1p_pop_of_nearest_large_city | lat | lon | crimeindex_2020 | crimeindex_2023 | safetyindex_2020 | age_0_14 | age_15_64 | age_65_plus | population | density_per_km2 | gdp | gdp_per_capita | unemployment | homicide_rate | life_expectancy_male | life_expectancy_female | infant_mortality | urban_population_growth | tourists,400.0,,sqrt,1.0,4.0,,,,,,,,,,Includes current crime,-0.004327092796048149,6.605984124770865
3787,extra_trees__all_features__3787,extra_trees,all_features,45,1,5.860824787551448,8.249727614740156,0.7025273457862021,0.9785017648828712,1.1454811732186692,1.8075126815205529,0.9858758931410406,6.063235477941177,8.412818914084571,0.7092923984011161,6.605306232564018,"{""max_depth"": null, ""max_features"": 0.7, ""min_samples_leaf"": 2, ""min_samples_split"": 4, ""n_estimators"": 400}",dist_nearest_labeled_city | log1p_dist_nearest_labeled_city | crime_nearest_labeled_city | safety_nearest_labeled_city | same_country_as_nearest_labeled | avg_crime_k5 | avg_safety_k5 | avg_crime_k10 | avg_safety_k10 | wavg_crime_k5 | wavg_safety_k5 | log1p_num_labeled_within_50km | log1p_num_labeled_within_100km | log1p_num_labeled_within_250km | avg_crime_same_country_k5 | avg_safety_same_country_k5 | log1p_num_same_country_within_250km | log1p_num_cities_50km | log1p_sum_pop_50km | log1p_pop_gravity_50km | log1p_num_cities_100km | log1p_sum_pop_100km | log1p_pop_gravity_100km | dist_to_nearest_large_city | log1p_dist_to_nearest_large_city | log1p_pop_of_nearest_large_city | lat | lon | crimeindex_2020 | crimeindex_2023 | safetyindex_2020 | age_0_14 | age_15_64 | age_65_plus | population | density_per_km2 | gdp | gdp_per_capita | unemployment | homicide_rate | life_expectancy_male | life_expectancy_female | infant_mortality | urban_population_growth | tourists,400.0,,0.7,2.0,4.0,,,,,,,,,,Includes current crime,0.16309129934441557,6.605306232564018
